strength	diameter	finish
32.13075	17	A
40.15048	16	S
20.10630	12	A
26.13942	15	A
59.98352	14	A
25.92413	13	A
79.81273	14	S
70.15717	24	A
56.01118	20	A
22.08519	7	S
93.19808	24	S
91.86548	24	A
34.09182	13	A
83.82144	18	S
40.19491	17	S
66.01798	22	S
46.06970	19	A
51.92729	20	A
19.97026	15	A
56.13245	18	A
54.15978	15	S
28.03752	12	A
75.99303	18	S
2.13246	4	A
25.98175	14	A
