Percentage of total population,Control,SD,TNFα,SD.1,TNFα+zVAD,SD.2,TNFα+nec,SD.3,TNFα+zVAD+nec,SD.4
Annexin V (-)/PI (-),89.38573592597753,2.1065032016962677,56.49882660406771,5.293900299744809,37.102974954973035,2.8368005282588005,71.52250165488198,3.210910696975447,83.42656380556097,3.5950951246725307
Annexin V (+)/PI (-),6.696561862672737,0.8850296423998604,24.866508123850267,2.353827425095876,45.474277908668704,3.1198864604905023,17.606381339453566,1.7435958496618083,9.151559782997362,1.7664086499510572
Annexin V (+)/PI (+),3.8772100967158196,1.2549206896111222,13.459708492052235,4.100987190054974,14.545638231121535,0.49127937589213677,9.862041795486963,1.5950254708798843,7.244414434400103,2.074062158580394
