Percentage of total population,Control,SD,TNFα,SD.1,TNFα+zVAD,SD.2,TNFα+nec,SD.3,TNFα+zVAD+nec,SD.4
Annexin V (-)/PI (-),91.51540646178823,0.6045945746570771,4.864103068227613,0.6401637759505382,92.7022356520834,0.6747144158029659,4.66128498632288,0.8363317087686051,85.3302730750023,5.001081940329292
Annexin V (+)/PI (-),5.286946308305644,0.826705391269932,30.374272140077466,4.110354104281673,3.8593353835687636,0.6106485290777303,26.4428033005135,2.6577033177100327,6.52400958664024,2.0561252305857587
Annexin V (+)/PI (+),3.13791398702887,0.8683447914209925,60.65680112729933,4.016430092796403,3.34329496943285,0.8914767528775744,65.53713747077076,0.8067956728484209,7.970906610496873,2.9689328025452904
